/Resources/qgraphics/Abfahrsignal.svg,Abfahrsignal
/Resources/qgraphics/Abklappbarer.svg,Abklappbarer
/Resources/qgraphics/Achszahlkontakt.svg,Achszahlkontakt
/Resources/qgraphics/aktivengelben.svg,aktivengelben
/Resources/qgraphics/Andreaskreuz.svg,Andreaskreuz
/Resources/qgraphics/AndreaskreuzAmPeitschenmast.svg,AndreaskreuzAmPeitschenmast
/Resources/qgraphics/Anfangsschleife.svg,Anfangsschleife
/Resources/qgraphics/Ankundetafel.svg,Ankundetafel
/Resources/qgraphics/Ankundigungsbake.svg,Ankundigungsbake
/Resources/qgraphics/AusschaltEinschalt.svg,AusschaltEinschalt
/Resources/qgraphics/AutomatikETSchild.svg,AutomatikETSchild
/Resources/qgraphics/AutomatikHETSchild.svg,AutomatikHETSchild
/Resources/qgraphics/BalisengruppeGesteuert.svg,BalisengruppeGesteuert
/Resources/qgraphics/BalisengruppeGesteuertTri.svg,BalisengruppeGesteuertTri
/Resources/qgraphics/balisengruppeLinks.svg,balisengruppeLinks
/Resources/qgraphics/balisengruppeRechts.svg,balisengruppeRechts
/Resources/qgraphics/BalisengruppeunGesteuert.svg,BalisengruppeunGesteuert
/Resources/qgraphics/BalisengruppeUngesteuertTri.svg,BalisengruppeUngesteuertTri
/Resources/qgraphics/Bereichskennungswechsel.svg,Bereichskennungswechsel
/Resources/qgraphics/Bereichskennungswechselortungsneutral.svg,Bereichskennungswechselortungsneutral
/Resources/qgraphics/Blockkennzeichen.svg,Blockkennzeichen
/Resources/qgraphics/Blockschaltbilder.svg,Blockschaltbilder
/Resources/qgraphics/Bremsprellbock.svg,Bremsprellbock
/Resources/qgraphics/Bremsprobe.svg,Bremsprobe
/Resources/qgraphics/BuAnkundetafel.svg,BuAnkundetafel
/Resources/qgraphics/BuAnkundetafelWiederholer.svg,BuAnkundetafelWiederholer
/Resources/qgraphics/BuAnkundetafelWiederholerOne.svg,BuAnkundetafelWiederholerOne
/Resources/qgraphics/BuBetonschalthaus.svg,BuBetonschalthaus
/Resources/qgraphics/BuBuTafel.svg,BuBuTafel
/Resources/qgraphics/BuSchaltkontakt.svg,BuSchaltkontakt
/Resources/qgraphics/EinschaltGleisAusschaltmagnet.svg,EinschaltGleisAusschaltmagnet
/Resources/qgraphics/EinzelbaliseGesteuert.svg,EinzelbaliseGesteuert
/Resources/qgraphics/EinzelbaliseLinks.svg,EinzelbaliseLinks
/Resources/qgraphics/EinzelbaliseRechts.svg,EinzelbaliseRechts
/Resources/qgraphics/EinzelbaliseUngesteuert.svg,EinzelbaliseUngesteuert
/Resources/qgraphics/ErsatzsignalHauptsignalschirm.svg,ErsatzsignalHauptsignalschirm
/Resources/qgraphics/ETCSstopTafelOne.svg,ETCSstopTafelOne
/Resources/qgraphics/ETCSstopTafelTwo.svg,ETCSstopTafelTwo
/Resources/qgraphics/FahrstrassensymboleDurchfahrten.svg,FahrstrassensymboleDurchfahrten
/Resources/qgraphics/FahrstrassensymboleDurchGuterzuge.svg,FahrstrassensymboleDurchGuterzuge
/Resources/qgraphics/FahrstrassensymboleGuterzuge.svg,FahrstrassensymboleGuterzuge
/Resources/qgraphics/FahrstrassensymboleRangierfahrten.svg,FahrstrassensymboleRangierfahrten
/Resources/qgraphics/FahrstrassensymboleReise.svg,FahrstrassensymboleReise
/Resources/qgraphics/Fahrtanzeiger.svg,Fahrtanzeiger
/Resources/qgraphics/Fahrzeugsensor.svg,Fahrzeugsensor
/Resources/qgraphics/Festprellbock.svg,Festprellbock
/Resources/qgraphics/Flachstellenortungsanlage.svg,Flachstellenortungsanlage
/Resources/qgraphics/Fruhhaltanzeiger.svg,Fruhhaltanzeiger
/Resources/qgraphics/Funkanruckmelder.svg,Funkanruckmelder
/Resources/qgraphics/FusgangermaskeundAndreaskreuz.svg,FusgangermaskeundAndreaskreuz
/Resources/qgraphics/Fussgangerakustik.svg,Fussgangerakustik
/Resources/qgraphics/Gegengleisanzeiger.svg,Gegengleisanzeiger
/Resources/qgraphics/GegengleisanzeigerHauptsignalschirm.svg,GegengleisanzeigerHauptsignalschirm
/Resources/qgraphics/GegengleisanzeigerLichtsignal.svg,GegengleisanzeigerLichtsignal
/Resources/qgraphics/GeschwindigkeirRichtungspfeil.svg,GeschwindigkeirRichtungspfeil
/Resources/qgraphics/Geschwindigkeits.svg,Geschwindigkeits
/Resources/qgraphics/Geschwindigkeitsanzeiger.svg,Geschwindigkeitsanzeiger
/Resources/qgraphics/Geschwindigkeitssignal.svg,Geschwindigkeitssignal
/Resources/qgraphics/Geschwindigkeitswechsel.svg,Geschwindigkeitswechsel
/Resources/qgraphics/GeshLichtsignal.svg,GeshLichtsignal
/Resources/qgraphics/gesteuertLinks.svg,gesteuertLinks
/Resources/qgraphics/gesteuertRechts.svg,gesteuertRechts
/Resources/qgraphics/Gleislangen.svg,Gleislangen
/Resources/qgraphics/Haltepunkttafel.svg,Haltepunkttafel
/Resources/qgraphics/HaltetafelmitZuord.svg,HaltetafelmitZuord
/Resources/qgraphics/HauptBahnsteigdach.svg,HauptBahnsteigdach
/Resources/qgraphics/hauptErsatzsignal.svg,hauptErsatzsignal
/Resources/qgraphics/HauptGegengleisanzeiger.svg,HauptGegengleisanzeiger
/Resources/qgraphics/hauptGeschwindigkeitsanzeiger.svg,hauptGeschwindigkeitsanzeiger
/Resources/qgraphics/hauptRichtungsanzeiger.svg,hauptRichtungsanzeiger
/Resources/qgraphics/hauptSignalbegriffe.svg,hauptSignalbegriffe
/Resources/qgraphics/HauptsignalIdentificationFour.svg,HauptsignalIdentificationFour
/Resources/qgraphics/HauptsignalIdentificationOne.svg,HauptsignalIdentificationOne
/Resources/qgraphics/HauptsignalIdentificationThree.svg,HauptsignalIdentificationThree
/Resources/qgraphics/HauptsignalIdentificationTwo.svg,HauptsignalIdentificationTwo
/Resources/qgraphics/hauptTunneln.svg,hauptTunneln
/Resources/qgraphics/Heisslauferortungsanlage.svg,Heisslauferortungsanlage
/Resources/qgraphics/Hektometerangabe.svg,Hektometerangabe
/Resources/qgraphics/Kabelformstein.svg,Kabelformstein
/Resources/qgraphics/Kabelmuffe.svg,Kabelmuffe
/Resources/qgraphics/Kabelschacht.svg,Kabelschacht
/Resources/qgraphics/Kabelschrank.svg,Kabelschrank
/Resources/qgraphics/Kabelverteiler.svg,Kabelverteiler
/Resources/qgraphics/Kennzeichentafel.svg,Kennzeichentafel
/Resources/qgraphics/Kilometerangabe.svg,Kilometerangabe
/Resources/qgraphics/KombinationBlockkennzeichen.svg,KombinationBlockkennzeichen
/Resources/qgraphics/Lautsprechersaule.svg,Lautsprechersaule
/Resources/qgraphics/Lichtzeichen.svg,Lichtzeichen
/Resources/qgraphics/LinienleiterschleifeNummer.svg,LinienleiterschleifeNummer
/Resources/qgraphics/Luftstromungsanlage.svg,Luftstromungsanlage
/Resources/qgraphics/Magnetschienenkontakt.svg,Magnetschienenkontakt
/Resources/qgraphics/mehraausanderemStellbereich.svg,mehraausanderemStellbereich
/Resources/qgraphics/mehraausanderemStellbereichArrow.svg,mehraausanderemStellbereichArrow
/Resources/qgraphics/mehraRichtungsvoranzeigerVorsichtsignalOne.svg,mehraRichtungsvoranzeigerVorsichtsignalOne
/Resources/qgraphics/mehraRichtungsvoranzeigerVorsichtsignalThree.svg,mehraRichtungsvoranzeigerVorsichtsignalThree
/Resources/qgraphics/mehraRichtungsvoranzeigerVorsichtsignalTwo.svg,mehraRichtungsvoranzeigerVorsichtsignalTwo
/Resources/qgraphics/mehrasStellwerksbedient.svg,mehrasStellwerksbedient
/Resources/qgraphics/mehrasStellwerksbedientArrow.svg,mehrasStellwerksbedientArrow
/Resources/qgraphics/mehraZugbedient.svg,mehraZugbedient
/Resources/qgraphics/mehraZugbedientArrow.svg,mehraZugbedientArrow
/Resources/qgraphics/mehraZugoderStellwerksbedient.svg,mehraZugoderStellwerksbedient
/Resources/qgraphics/mehraZugoderStellwerksbedientArrow.svg,mehraZugoderStellwerksbedientArrow
/Resources/qgraphics/Merkpfahl.svg,Merkpfahl
/Resources/qgraphics/MTafel.svg,MTafel
/Resources/qgraphics/Nachbarzentrale.svg,Nachbarzentrale
/Resources/qgraphics/Nachschieben.svg,Nachschieben
/Resources/qgraphics/Oberirdischer.svg,Oberirdischer
/Resources/qgraphics/Rangierhalttafel.svg,Rangierhalttafel
/Resources/qgraphics/Rautentafel.svg,Rautentafel
/Resources/qgraphics/reflektierenden.svg,reflektierenden
/Resources/qgraphics/Richtungsanzeiger.svg,Richtungsanzeiger
/Resources/qgraphics/Richtungspfeilmaske.svg,Richtungspfeilmaske
/Resources/qgraphics/Richtungsvoranzeiger.svg,Richtungsvoranzeiger
/Resources/qgraphics/Schachbretttafel.svg,Schachbretttafel
/Resources/qgraphics/Schalthaus.svg,Schalthaus
/Resources/qgraphics/Schaltkontakt.svg,Schaltkontakt
/Resources/qgraphics/Schrankenantrieb.svg,Schrankenantrieb
/Resources/qgraphics/SchrankenbaumRechteck.svg,SchrankenbaumRechteck
/Resources/qgraphics/Seitenlichtzeichen.svg,Seitenlichtzeichen
/Resources/qgraphics/SiBetonschalthaus.svg,SiBetonschalthaus
/Resources/qgraphics/SignalElOne.svg,SignalElOne
/Resources/qgraphics/SignalElTwo.svg,SignalElTwo
/Resources/qgraphics/Signalhaltmelder.svg,Signalhaltmelder
/Resources/qgraphics/Speisegerat.svg,Speisegerat
/Resources/qgraphics/Sperrsignal.svg,Sperrsignal
/Resources/qgraphics/SperrsignalKennlicht.svg,SperrsignalKennlicht
/Resources/qgraphics/stellwerksbedient.svg,stellwerksbedient
/Resources/qgraphics/stellwerksbedientArrow.svg,stellwerksbedientArrow
/Resources/qgraphics/StrasensignalmitBlinklicht.svg,StrasensignalmitBlinklicht
/Resources/qgraphics/Strassensignal.svg,Strassensignal
/Resources/qgraphics/Stumpfgleis.svg,Stumpfgleis
/Resources/qgraphics/Trapeztafel.svg,Trapeztafel
/Resources/qgraphics/uberspannteGleise.svg,uberspannteGleise
/Resources/qgraphics/Uberwachungslampe.svg,Uberwachungslampe
/Resources/qgraphics/uberwachungssignal.svg,uberwachungssignal
/Resources/qgraphics/ungesteuertLinks.svg,ungesteuertLinks
/Resources/qgraphics/ungesteuertRechts.svg,ungesteuertRechts
/Resources/qgraphics/Verstarker.svg,Verstarker
/Resources/qgraphics/VorsichtsignalHauptsignalschirm.svg,VorsichtsignalHauptsignalschirm
/Resources/qgraphics/VorsignalbakenFive.svg,VorsignalbakenFive
/Resources/qgraphics/VorsignalbakenFour.svg,VorsignalbakenFour
/Resources/qgraphics/VorsignalbakenOne.svg,VorsignalbakenOne
/Resources/qgraphics/VorsignalbakenThree.svg,VorsignalbakenThree
/Resources/qgraphics/VorsignalbakenTwo.svg,VorsignalbakenTwo
/Resources/qgraphics/Vorsignaltafel.svg,Vorsignaltafel
/Resources/qgraphics/vorStellwerksbedient.svg,vorStellwerksbedient
/Resources/qgraphics/vorStellwerksbedientArrow.svg,vorStellwerksbedientArrow
/Resources/qgraphics/vorstellwerksbedientVorsignalwiederholer.svg,vorstellwerksbedientVorsignalwiederholer
/Resources/qgraphics/vorZugbedient.svg,vorZugbedient
/Resources/qgraphics/vorZugbedientArrow.svg,vorZugbedientArrow
/Resources/qgraphics/vorZugoderStellwerksbedient.svg,vorZugoderStellwerksbedient
/Resources/qgraphics/vorZugoderStellwerksbedientArrow.svg,vorZugoderStellwerksbedientArrow
/Resources/qgraphics/Warntafel.svg,Warntafel
/Resources/qgraphics/Wartezeichen.svg,Wartezeichen
/Resources/qgraphics/Wartezeichenmit.svg,Wartezeichenmit
/Resources/qgraphics/Weichenantrieb.svg,Weichenantrieb
/Resources/qgraphics/Weichensignal.svg,Weichensignal
/Resources/qgraphics/WeitereOne.svg,WeitereOne
/Resources/qgraphics/WeitereThree.svg,WeitereThree
/Resources/qgraphics/WeitereTwo.svg,WeitereTwo
/Resources/qgraphics/WiederholerRuhelicht.svg,WiederholerRuhelicht
/Resources/qgraphics/WiederholerScheibe.svg,WiederholerScheibe
/Resources/qgraphics/Windmeldeanlage.svg,Windmeldeanlage
/Resources/qgraphics/Zahlpfeile.svg,Zahlpfeile
/Resources/qgraphics/zugbedient.svg,zugbedient
/Resources/qgraphics/zugbedientArrow.svg,zugbedientArrow
/Resources/qgraphics/Zugdeckungssignal.svg,Zugdeckungssignal
/Resources/qgraphics/zugOderStellwerksbedient.svg,zugOderStellwerksbedient
/Resources/qgraphics/zugOderStellwerksbedientArrow.svg,zugOderStellwerksbedientArrow
/Resources/qgraphics/zweiAktiven.svg,zweiAktiven
/Resources/qgraphics/ZweiBuSchaltkontakt.svg,ZweiBuSchaltkontakt
/Resources/qgraphics/zweiReflektierenden.svg,zweiReflektierenden
